y_true,y_pred
59.0,76.9365039760932
14.8,21.435572985693604
20.0,18.853685862419987
70.0,67.92534228368899
1.7,12.114745441526289
73.0,68.40929170489697
83.6,59.54340473878287
2.81,0.3058386508751738
93.0,71.3324432444543
9.35,36.33066264734187
0.113,1.7236121799249275
23.0,66.14784475534512
88.0,55.87340544074455
36.0,75.47835592792356
0.088,-8.802744965659855
1.92,-3.9501053164311983
56.0,46.65440207875609
6.0,8.78097757728397
0.0164,-3.821389785437951
6.5,1.7534106221886603
36.48,56.25466663577329
92.6,62.012516832449094
30.0,24.520285507043166
25.8,27.00408716328233
13.1,-2.8896137779382087
13.1,-1.3502071203598334
63.31,56.001760203936534
0.98,17.613482897909513
92.0,64.87037841701229
109.0,73.71012226381126
32.5,24.94454746497697
2.92,10.111643216429282
10.5,10.726538588272135
94.0,60.30371539437982
2.72,12.820312460321524
40.0,18.550233966351005
19.0,74.3173722168481
93.0,58.6335500140426
85.5,73.89940104554404
38.0,29.460432458628233
7.4,1.9311929996841997
6.2,9.068479256064816
5.5,13.469279321253975
83.2,66.38838651405183
1.55,5.37508384244077
2.5,11.705042496913507
107.1,82.37058051357809
37.0,15.338740376409113
6.35,11.793917170050332
4.78,11.470737079405446
2.34,11.380063241915195
2.33,2.2539936883363936
32.0,65.6568807376342
4.0,13.242486026659332
7.5,53.151656635460725
5.2,28.33241723776967
38.0,75.68161259396646
5.0,17.754711419067345
91.5,66.89815866746564
7.07,9.06602053148368
11.25,6.353466028896257
23.0,61.97196316425701
28.0,31.011560960507303
55.0,66.21563816551011
22.8,23.193017946400452
0.039,-0.622383922900795
9.4,5.844100611012266
38.0,66.70428896219082
28.1,15.130619207080379
42.0,23.252314186753665
16.3,21.953413570868058
24.0,25.893934821921988
60.0,57.57894456613018
12.3,-4.422104239461866
7.0,5.330676765342215
2.72,12.720711273706417
26.3,21.439734006864214
1.26,3.029895148806059
8.0,40.999700081080825
2.4,10.676584354611037
6.0,-0.8227237681272115
2.27,9.605532454167268
13.5,24.357489416903203
89.7,73.29012846747446
35.0,44.79458067183755
13.5,26.452943762012307
42.0,55.089419201481746
4.77,5.281347264924353
1.84,1.1313839826758496
2.865,3.749146981657425
11.2,-2.4542520126756315
35.5,75.69538116661478
82.1,65.26348050612268
21.0,39.25940642987911
88.0,71.22001542013894
116.8,94.07136112575147
20.0,30.43144980889374
11.5,10.912296498323414
87.0,73.7246446730347
60.0,73.71049084393698
6.0,5.424430473933231
36.0,26.934036253692298
95.4,74.32003588638281
85.0,66.98533875996021
18.3,4.365545671939731
10.3,14.822421973963031
0.3,34.77224612629987
93.2,60.22007111705254
3.7,1.138826350764802
8.0,8.743675452126151
37.3,29.460432458628233
22.0,42.084420754931074
18.0,33.735101610669055
25.0,19.15342579143457
70.0,30.60227851292885
20.0,39.646584839222655
0.56,-12.447952235016857
29.0,40.94657023645845
24.0,38.1774948929696
185.0,13.32901274269462
50.0,58.79690565066828
7.0,9.418174066049652
1.24,7.658416457412738
81.2,70.4269964480791
115.0,88.25687532658094
7.73,3.4487657712541413
2.36,1.7835357163133736
0.8,-9.096318356275809
6.0,34.096068197985026
2.0,7.47562738697215
2.9,3.473727451815588
40.0,64.71015518999201
24.5,42.37878640183348
21.2,30.296576952730515
92.6,66.82430297902701
35.0,22.448199616838515
92.8,63.42975148370259
4.16,-4.409800632087197
67.0,63.173391309951676
3.3,-7.082865409388212
26.7,25.55469986037351
91.2,66.82430297902701
80.1,88.96255616689874
5.57,26.61709058914477
90.0,77.70051137403175
20.1,-3.7533198447160956
3.2,2.3267308877331487
89.3,61.79065801960938
86.0,60.47763863729217
16.0,22.245744488382392
6.92,-1.0006801241961156
2.4,21.4320150095424
48.0,80.38865771814686
53.5,57.357962827248386
1.4,0.5788603350663948
51.0,54.403029022148075
45.0,45.5491550057524
5.02,8.74903717607311
3.18,20.468957581695168
20.0,31.33197762102058
9.715,10.864112909541095
16.3,23.591008469869486
7.2,41.20532211464612
122.0,92.5543850395019
12.4,15.95050064204747
84.0,59.743418992726276
6.18,-0.00046937857737106015
7.1,12.310677719790736
78.5,58.41366382833252
3.0,3.563421728657957
3.52,-1.686532230961845
13.0,1.9126428688169383
15.2,32.33978866595727
100.0,90.93421161613156
0.5,7.52014924780314
21.7,22.444698742029235
2.98,4.681572948715949
14.6,18.840478215777576
93.4,66.70307636674008
15.2,15.255970088266775
2.3,9.38370546473838
8.32,5.9620853911188085
7.9,-14.96947839171439
28.0,55.46909600448552
0.23,10.786361993077708
15.8,27.188352575913108
20.0,60.454649503702655
14.8,5.608211419374172
82.0,66.37781115382903
38.0,21.14707361053162
68.0,60.597078480072184
0.59,4.171139724032507
53.1,45.04646747472707
9.5,3.5604083763678247
83.0,55.92734754989319
85.0,66.09441902141475
10.3,-17.28339298804874
79.0,52.87910478431087
30.0,26.706181881332597
108.0,85.2936299501925
7.4,14.286783102594526
30.0,57.976657862647464
0.47,4.143880517641637
3.0,36.70666385609806
13.7,8.767274648031421
38.0,50.31726822230852
0.1,51.88630733013164
110.0,84.79435751792815
90.6,63.386963159276846
4.91,3.719601765720128
6.7,15.103393982403723
57.0,66.51730089581696
24.86,24.388581614402224
64.6,67.52888381610543
6.66,0.34716307546322156
60.0,59.327337771860044
6.0,13.940454628212873
13.82,24.357489416903203
80.0,70.14706597292485
100.0,92.71192276779364
4.9,9.52715618835406
0.58,20.19438916439266
85.8,57.67649248677279
47.0,50.40096681451048
40.0,56.52832021962515
0.64,8.060791200307445
76.8,59.38180481007494
8.7,46.73795890864793
11.3,15.648477111901592
82.4,64.87707054486248
93.6,58.30927209544434
36.6,53.27843323709976
31.0,30.82891068634766
80.9,70.98019552800679
1.89,-3.972458034517885
28.8,25.2949967870022
0.067,1.9980338775638629
12.0,34.52197141756641
8.7,14.544625797397586
56.7,67.3522593190421
47.0,29.245407984315634
17.6,3.7209766014848284
90.0,56.77034684447489
134.2,102.39535763746412
38.4,52.25754286944169
0.15,0.8277428964102924
17.0,34.952441519432796
7.17,14.605887315308358
18.3,4.554760205182745
92.0,61.50141640611057
12.7,19.63572676487233
1.7,-5.767922105678373
2.11,11.622649018221061
5.8,22.925061791872313
32.0,17.60513718574304
82.9,59.54340473878287
1.85,6.083829667446231
90.0,63.03119781541069
35.6,25.490681900551817
9.6,64.6400942688544
68.0,42.56497398211198
70.0,70.7766752486541
48.5,55.49897696780579
6.3,-6.447729099830504
9.7,9.694580457782163
9.34,20.6981334649606
1.27,-11.607461868363352
40.0,81.64007902525744
38.0,69.18755469135877
32.3,60.45258329369526
6.2,0.8360182795927358
20.2,60.02863012844049
45.0,64.71015518999201
57.9,67.75298606571015
6.52,14.711286144834343
0.61,22.898537312293186
4.28,0.46698246399073895
2.78,11.295958713254201
66.0,53.24019919826273
82.0,65.16988569568457
52.5,56.1647260386063
9.15,-3.3509613590237564
11.5,25.135579063275436
3.8,4.071459046145417
27.0,50.74845512219836
9.2,-3.0849809354841895
93.45,71.22096759679161
0.11,-6.941413594022826
3.5,4.625065460384995
11.5,19.68307269803617
14.0,7.513547314216723
10.5,4.509001915471899
34.0,23.99134808625738
7.7,1.8341235498209727
47.5,33.89847647324844
76.6,68.48783774520498
37.0,55.177447480991745
17.6,10.984920904839761
2.44,0.20360405946445326
86.2,65.87961726206538
86.3,62.27256221055503
5.4,29.799698334301564
35.0,24.398249460001345
18.52,16.438234656496608
34.85,70.49144043041346
79.3,67.37159418120409
86.8,56.558428614252485
7.76,4.80833356248062
90.0,73.84510520902433
17.8,14.987810135281329
36.7,35.6592695553571
1.11,23.923005686715598
1.4,-10.144131402433992
37.4,29.460432458628233
36.35,28.35014829561863
86.7,62.16165373846149
3.8,3.444663494957595
4.2,4.146566766375923
15.5,25.334199094661056
4.3,5.315449047216209
10.9,21.53645861296898
81.6,62.14299505607511
7.46,14.742240586560069
6.52,32.79422174557112
90.0,74.91652659930594
28.0,55.70211831493026
87.4,69.39840797468347
67.1,73.73688288539074
90.0,62.99836658436428
13.9,12.77395253096369
78.0,57.1664851880267
17.2,9.266674024405816
20.0,4.239971735804371
37.0,24.6704286245147
30.0,20.238882181105097
80.0,54.25415218486549
17.0,66.2006704781117
21.1,41.536352780592665
17.4,19.54164784038291
36.9,43.54760396040339
28.5,29.332107255577185
11.1,15.654343551223818
17.3,4.71204738936429
4.2,-17.89871523235376
86.5,59.92467258311541
13.8,11.872668999129441
53.9,55.14647312032784
2.79,2.563348594534176
29.0,70.61208776608348
43.1,68.98412295002029
14.5,17.961499070779176
93.0,73.47473464731151
30.0,81.87987265212605
11.0,22.127470113042236
41.0,61.673168887359786
30.5,29.591630244144834
0.02,-2.8749581724461137
85.0,63.42975148370259
8.2,-4.2898527781973925
5.25,12.784809829115122
83.0,56.561389449890825
113.5,98.93164545666087
66.0,54.307106623923886
10.58,6.4927951427682515
40.0,61.29776848627705
6.76,14.581266892031998
126.0,93.16764813326952
38.3,29.94571783499331
8.6,5.867157823315811
1.602,-2.3540111955709904
49.0,40.285205839088086
86.2,58.21536707553398
1.8,5.928289318415647
22.0,19.112470317252253
23.2,31.325019311049076
8.9,36.71256222364812
74.0,75.7262131726433
6.45,6.278841584752989
80.9,58.06694271020142
14.2,2.235389402200454
91.3,76.8789659510521
21.7,19.05896280214293
38.4,35.08971109984267
1.86,-1.2458322179546926
9.0,30.70159776128662
5.85,9.54263084530729
95.2,66.87964641676135
97.0,73.68922436231767
5.7,25.264593772692518
3.625,-8.129411257884428
1.84,6.369221161141091
26.0,17.791950198399174
52.6,68.37376901029461
0.77,31.3011817726656
16.0,29.332107255577185
10.25,17.82558792748094
24.0,32.59684757833274
8.9,9.430659712154565
92.5,78.32021070018763
4.0,10.012378835362433
1.84,15.299281845974257
4.74,-5.569345500404943
11.02,16.314719955113457
79.0,64.04793831422882
22.0,63.08313781729393
83.0,59.80373669112577
20.0,29.83743591268602
62.0,67.21785048436378
8.4,4.393405097938874
80.2,63.92990476630267
36.0,18.215724362556777
23.2,34.690459949329735
3.32,7.239466691280839
11.0,19.75122998458444
4.9,4.270718594889104
17.7,34.82010825854334
39.8,29.460432458628233
35.8,54.42494031859863
50.2,57.69546152974545
30.0,23.332605270571
59.0,55.708540559024854
23.0,77.6114065443141
24.5,16.41728077923633
11.7,9.674455701648462
9.33,7.343411317107115
3.8,21.93109684008093
27.0,19.05397626445638
17.7,10.062016844251932
5.6,15.868917188435496
18.05,0.24971358118691
16.0,16.442936142749353
78.2,67.3924764610864
60.0,46.55948364697245
34.7,25.490681900551817
74.0,60.54077193533516
68.0,81.67572520887134
66.0,63.23209756708157
64.0,74.14615446375456
22.0,54.544767531692315
30.0,35.52329086520095
9.0,28.001246332829453
5.33,35.44174456369446
36.0,68.62107068677741
93.3,60.287171148131435
13.4,5.11730920014892
20.4,55.57660514245333
97.0,81.55696920304254
73.0,55.615023199326686
12.7,18.59919330760654
53.1,54.80445668985398
13.0,34.44271233172304
77.0,66.79236561289176
86.3,73.89940104554404
7.17,6.143438883444556
68.0,73.72338829856227
84.0,65.21327446452487
36.5,25.490681900551817
58.2,61.728343065298276
82.9,69.14446674484044
6.5,7.059952829340332
46.2,54.087747716762465
9.18,9.65855787391784
3.4,6.65776325323818
17.8,24.791697437474003
0.6,12.802266856873842
127.0,107.13217219301524
7.9,-0.7843110699466322
32.0,79.93618116398285
66.9,64.90100375249926
15.6,8.711627434901594
36.4,39.92869185444404
39.0,18.549149556877495
93.4,67.03836348032996
1.3,15.917082108431202
13.3,-2.2326716137114175
4.42,-0.3130112151220814
4.07,1.4490006834521125
7.5,11.552769091023958
90.0,65.9443790481414
39.9,34.07240649038097
10.3,-6.345015974824712
48.3,65.5658403386257
2.2,0.033709641974198234
2.15,14.370596556035071
82.7,72.80848788114113
41.0,79.39624296748958
124.0,92.31003586750188
55.1,58.62138940479871
29.4,24.93641970223795
5.92,1.5234023061937165
82.0,67.79841304260589
84.0,65.95540199883598
0.65,15.87856583724114
1.06,-7.754151962063837
87.0,71.20528171767553
25.0,25.490681900551817
28.4,26.97687649330672
67.5,56.27733632567006
5.53,33.60517593040871
2.1,16.965426262712793
22.0,13.908317609039237
33.0,65.42915966355132
37.2,28.006627809369203
23.2,24.826806409641303
34.5,54.269962699127205
71.0,73.7165677762041
1.44,4.5019443003222115
32.0,23.322659495070766
70.0,80.84376036484366
97.0,70.64640001979822
76.0,80.68854391174443
11.0,2.3914757888431595
7.3,4.439690620035542
3.8,5.263156243839983
4.22,-4.393216503180497
2.8,8.09713566865885
22.8,18.738009582975085
23.8,70.02799550815493
93.0,66.44178533849066
82.0,65.02908043749002
22.7,18.111759854777322
68.0,46.73502531975835
13.4,5.518838694244238
8.3,36.703070187410276
29.0,22.038595458883723
52.5,34.63537177281376
3.92,26.9712424870025
37.5,29.460432458628233
3.7,2.7692602456916937
86.9,63.9056307370871
80.5,76.5121783636339
16.4,5.618692694173959
88.9,66.78756794099088
4.78,6.468577199171989
85.0,62.566732373358114
20.0,65.18166817000295
8.0,22.958319409871017
12.0,25.50434566681884
7.3,16.941684958440035
58.0,73.52887746277126
26.0,33.11829271603671
92.7,63.40401225889692
85.1,76.78436839702599
11.3,4.943773553657376
2.48,16.74390183882587
2.75,10.676584354611037
74.0,64.4963690580719
4.5,7.89744793559716
54.0,80.54979473931502
0.46,22.898537312293186
2.5,24.26133585992669
0.01,3.843420669974325
28.0,24.981612054902648
3.4,3.741790195028379
37.5,35.62286115537268
9.275,-8.100011238732307
1.53,-12.363620113989619
1.89,-1.2078464624774838
92.5,66.8059194352187
1.42,17.34722925561866
3.6,15.932432951283033
100.0,74.10870157236724
34.1,24.14551762070242
37.4,24.35989203833554
13.5,23.15741704224622
2.5,6.475615593365276
4.9,11.426480910345525
2.28,0.7647550052904251
34.7,62.93179405486714
16.0,0.5349418275153184
65.0,57.90626978971965
88.6,63.784315464497595
0.671,-4.776598696990263
23.35,67.86599259699675
4.53,3.443102773529816
47.8,55.02902615344112
108.5,102.52441876561707
2.0,15.974686111394334
31.6,22.652277935471815
93.0,57.75832220542257
91.24,66.60980854894629
105.0,66.1083950029225
15.5,30.109826016866485
2.8,10.2027146453634
7.7,7.849050825107895
29.0,28.431189741636288
57.1,63.986413557550506
3.7,5.467801718574826
1.7,12.310669070013624
82.0,61.003591476961006
75.92,76.19037321473337
8.15,5.02483028579541
74.0,89.65435023691396
31.4,49.77186391787654
7.0,21.220922810193166
40.0,56.72903932584822
32.4,65.81499116207189
2.9,-5.080901113752411
84.3,55.43268817932605
3.6,-4.334774237340909
2.2,6.72092343443294
78.0,61.93117421994242
3.89,1.9126428688169383
90.8,78.64617542187892
37.3,34.13483723503266
45.0,36.32648532366161
70.0,65.44865496568485
90.0,97.29293006596089
15.0,42.788670110038666
7.44,2.0109706412568684
30.0,24.116165254988328
92.0,65.71825882415132
38.0,47.71101552786913
0.5,1.4398023484514013
0.87,16.00996730866885
75.6,65.77132859439223
36.0,84.21885408767716
5.4,4.625065460384995
26.2,14.917150749913311
77.0,66.99120548645138
6.7,4.527551869605652
37.5,25.59503718894302
4.9,10.81091011722862
31.0,43.540942310969285
10.0,32.33978866595727
89.1,74.4183100414796
2.38,19.934572312923997
17.0,60.77257200995405
7.9,19.00691979760407
1.67,10.041737886825722
17.4,17.208954920912078
87.1,60.05608941049452
87.6,58.02794020502652
11.8,10.708896178435431
83.6,66.78761232750563
6.0,-2.11562229627269
41.0,23.22493084557751
85.0,74.32003588638281
16.1,2.2929116945105434
29.5,23.540266454165774
1.4,10.355459878149574
80.5,66.97066557336694
22.0,70.54380732293313
39.6,57.18727130312522
75.0,72.93979144433638
1.73,2.3495112884501914
76.0,65.71580114253315
27.0,29.238926851497695
74.0,76.61845366498667
85.0,69.15007617322377
6.7,6.435944406240722
96.3,71.19160183595089
1.6,19.766061148726155
2.2,15.410048048568374
15.9,22.35465200243935
63.5,65.47305504443193
82.0,66.63316135424708
28.1,65.78988517514918
96.6,73.69679420109387
78.6,68.15303454674142
36.7,52.44907666481314
3.11,1.0352656991755609
29.7,26.99204734858476
76.0,54.358195938683984
4.3,2.1492805296354334
4.0,12.468552066870469
90.0,73.99326369213898
9.34,19.079892548051767
110.0,61.980344863707316
58.9,67.98926542442263
7.83,22.880082403027284
19.3,22.197583033983634
67.0,61.96260873840893
0.001,18.449056663825303
3.39,5.629009338430183
90.0,62.595729715703825
43.0,28.321616149577967
14.0,6.037416359243853
13.9,-7.1630666416241695
9.85,17.35744991578518
63.0,55.51676734719118
8.0,65.96839171922409
26.0,25.869057388289797
16.8,16.112799121721096
1.43,0.5182186448993988
78.0,64.60237857670056
1.76,-0.874199640035414
2.1,17.328939451117634
11.5,19.322537726998533
117.0,97.98954043411769
14.25,11.872668999129441
37.3,35.66270660522508
1.6,26.68823695485762
5.8,29.2116343476407
18.0,16.325549589967846
3.87,4.078338634919589
27.7,33.24828479087287
1.87,5.206620280202255
8.4,15.948090954006076
93.75,76.01722911215435
55.0,59.07609660477625
2.86,19.498365392648438
4.89,10.259983225824207
16.0,15.412521238970555
2.91,-0.3919429493420665
53.1,65.21435123555355
50.1,59.27016510111092
8.45,0.5768865190298413
90.0,58.331971212273515
114.0,73.3886417068917
1.63,-4.785205531421909
80.8,67.89254547862618
38.0,58.872313576339465
13.9,26.812027715161626
3.07,-0.0937574877634546
4.33,-1.8988760901057518
6.95,9.418174066049652
0.27,0.04631479699828844
2.75,10.717031789652737
3.1,1.0352656991755609
52.7,57.40869934718188
47.4,52.75375622059818
9.1,5.211187151487625
26.0,57.56564791210651
13.635,7.30888054501494
0.27,5.4191222773382535
3.1,16.438234656496608
1.86,4.724754951192175
0.36,-16.83466560274571
25.6,30.737722073921702
108.0,74.85188561419608
37.8,53.40700409229321
3.0,12.186395289363752
33.7,22.885340921023783
66.0,59.5525191061286
8.7,-0.715335450986295
25.2,56.74428323125811
83.0,68.15303454674142
35.0,71.44087349568329
19.0,53.63466111109757
4.61,1.1691780909386864
1.8,-1.675070334100404
4.9,12.141282044184223
13.5,28.869477904961048
54.5,65.38701871061949
1.0,4.759444586377629
39.0,65.64884003757065
25.2,22.67146665387955
88.0,67.74446102773281
27.0,44.37011378166281
4.0,17.85984066588882
37.0,29.97900642968381
25.0,59.847493634256956
76.1,59.24593755216892
39.5,29.460432458628233
75.6,82.11335306560434
66.3,78.47797322826801
2.04,-0.5260606783936268
10.45,10.732630940560725
1.88,-4.245221314148168
58.0,52.05792382223434
9.1,10.518149936821946
78.0,69.48446277777055
48.9,60.84491120523861
90.5,65.9443790481414
80.31,57.43865962183647
88.0,104.69381376065783
25.0,64.92789778377673
119.0,101.25765803456986
0.21,-1.9706199859673106
71.0,65.82270182395067
19.09,4.458243656915638
33.6,55.113128758223986
65.0,65.93706285176833
30.0,24.90016746517931
8.7,4.797178809149429
16.0,17.308548346121434
11.5,17.644547885105638
6.71,5.393030837811175
0.07,15.351729881485515
1.9,5.895217508717607
93.4,66.71448143971645
6.0,45.33752822826081
40.0,55.246471943004806
10.0,28.681472885921618
3.18,10.294525881702157
26.9,36.7945495896652
7.6,45.8941103961139
1.87,-0.41592221748317115
40.6,68.58392671891949
5.54,16.524917960609862
1.2,-5.224603276679055
3.23,18.388970457442824
31.6,51.26732418990781
5.95,0.38340336518428586
17.1,16.521536204246328
2.53,9.26654372804133
0.79,19.19994644494541
32.0,22.75847495775885
33.0,62.731945031013815
9.1,38.55748599540231
82.0,68.07698824155926
28.0,74.73991110744481
18.41,23.758450353290176
60.5,67.53617633574827
12.7,21.533736587353488
2.222,-2.2411956394987556
16.6,24.298837076814948
5.71,24.856602620747537
22.9,28.838978152655034
7.6,-3.2348827129567326
83.5,37.1555299684655
62.0,54.91874596147933
2.5,7.036293626468218
2.16,-2.1606486152985767
1.21,-9.794071478541895
2.5,20.592743604190332
2.0,13.28141113599888
7.9,56.52957069947665
83.0,64.5715855911508
81.0,64.24991741838735
3.9,1.9972850100120993
10.9,6.1598766669689695
2.3,20.216873587222707
12.9,39.53482136154423
28.3,60.26921344389561
2.45,21.42455883593869
4.62,-0.18876812443890145
22.0,76.95935239992639
74.0,88.67206183195128
3.1,-1.975433634422295
8.14,-7.9153784432718695
73.0,60.68217752227379
6.2,4.067277996908857
28.3,35.743306056794765
36.0,26.977589158851863
72.0,56.79240644899129
17.8,11.700248626543978
92.6,55.76561538939242
56.0,58.78311109434326
95.0,73.89940104554404
13.56,20.38949282539108
11.3,60.59169927333034
53.0,58.872313576339465
52.0,57.46851623018019
76.0,68.07698824155926
10.8,13.188001021432147
4.51,12.407629540963267
56.0,55.295361135547225
86.0,56.03851841452755
75.2,60.552923994598174
10.6,6.133983965316979
16.6,25.88044029014103
1.3,-1.7877555396347091
6.3,15.158370114546479
17.0,55.06269456150369
7.388,22.846420192984045
93.1,56.43496445148645
4.2,17.82012911461888
91.4,66.82430297902701
81.0,65.46536606575174
2.12,-22.233737370738893
94.5,60.02105041411848
33.1,65.59631153172158
16.0,29.83743591268602
45.0,54.265479201719444
14.2,5.481013534549962
68.2,50.20383122939865
30.0,20.81446936299281
1.5,-4.811954533004666
96.0,58.25197467784083
73.1,67.03297905343118
8.45,17.464241424244467
8.15,8.743675452126151
3.83,3.665898730251655
90.0,70.20018117335133
7.4,0.023413989990558548
70.0,57.07058800738402
0.84,1.6932099761552806
33.0,22.216214740287878
91.5,79.4182684274889
6.9,5.384455215860193
3.48,15.06127389380444
80.0,71.88221450883448
18.4,10.021727243947172
3.9,5.845745463154945
80.0,68.363354628434
72.2,70.21259179769535
44.8,61.63055704044281
78.0,79.57712895669319
2.61,-8.507444998623193
13.0,8.615466141664143
107.0,64.40780460021969
33.0,36.10479326628146
18.1,5.825749467623581
87.0,65.06922956438062
3.7,12.675451874517421
9.8,3.843420669974325
9.7,5.67589768702835
65.9,61.4165324904051
37.8,29.39279587463409
25.0,26.028032794103975
38.7,59.1819346531341
27.0,31.80105608497509
87.0,60.40709355653965
7.17,8.639031269709474
91.8,77.17376229114478
25.4,23.886575107890557
38.7,52.01560384711949
1.38,39.574576715457766
91.6,73.6059412418617
0.55,-0.5973684048939845
96.0,53.691899476421185
24.0,36.570752209809065
3.23,23.909684225070507
2.0,0.8841038144539866
94.0,73.7135962858085
6.0,13.919058256129297
91.11,78.25418348317638
72.0,73.72209542731088
24.0,56.750973644420014
2.78,-5.504501227000503
87.3,57.858177415045546
7.46,-1.0582450952510243
78.0,65.92935143078536
134.0,96.9102382304406
65.0,60.154628249928265
98.0,95.72830457140137
0.518,13.676484238940816
81.6,57.85835208406712
80.8,72.944879613804
56.0,45.64795863549728
62.0,81.77850544750265
0.29,-6.206483280981878
0.38,4.625065460384995
4.8,13.808651001149734
13.9,26.300450836199595
84.2,77.81396318942475
27.1,26.437365943357936
55.0,28.309934188488498
30.0,20.298186543260243
2.36,0.12398573922833123
72.0,55.765262729022105
36.6,25.114595862318758
40.0,23.988048784449347
1.41,-0.9045493126381743
50.0,65.74811250321224
10.8,-1.363026599858685
8.3,4.605834928380418
11.2,16.68323016307889
73.0,59.46316595363601
94.0,75.39682581287698
5.9,-6.946146450056432
8.77,12.752355854040356
68.0,57.569119972746485
79.5,84.32046201935194
110.8,72.63477051909842
0.48,14.464520358465517
86.7,69.84921954905161
82.0,66.93440991625891
81.1,66.71448143971645
60.4,65.45847737213234
82.5,66.16304852342378
8.7,38.5407430139449
29.4,18.588060121192175
87.0,61.708627242868765
79.6,68.15303454674142
1.95,8.392947022947403
56.0,67.12377848809302
83.35,73.3931994709065
36.0,49.69115774711023
80.0,81.24259519522141
22.4,34.690459949329735
12.2,1.3450339214438287
38.0,42.388729872876816
4.1,26.961798849308607
8.9,8.75215082855776
56.1,65.07798573875682
3.04,19.76937845748288
1.38,-2.404765902527757
10.5,21.221943660407025
71.0,44.426344170063906
12.1,30.05543007356838
21.5,28.74137262506038
1.76,14.035497227925998
90.565,66.89815866746564
11.3,4.435777390191536
2.3,7.856763695482908
27.0,65.59964101410151
67.4,68.40558174530307
98.0,15.083038766278463
90.0,64.27818161141523
1.67,3.6900238248283337
2.2,-1.980840532875284
16.7,54.833049648510666
43.5,64.75267676041983
68.0,62.60363441150096
3.58,-11.63873217895955
78.5,59.379451635416714
2.66,12.491753115936746
4.1,4.7973254036004285
5.96,-2.558895570109584
84.4,62.595729715703825
15.1,28.878493813561363
0.35,-4.454715596336477
8.26,4.095504915240724
41.2,24.833068595033346
19.0,19.543193997322703
10.0,5.211187151487625
7.55,7.823980300407634
22.5,73.85538570606823
90.5,66.82430297902701
30.1,30.185153630119494
32.0,59.12438967316923
32.7,38.88114744833036
58.0,64.20985077449998
34.5,50.93688831436823
21.0,53.663008199834834
11.2,5.556065703387148
81.5,70.93787167620671
1.95,4.353674144605147
2.5,-6.625860900554883
68.0,57.85154034677946
4.0,21.93109684008093
3.79,21.903750425776472
1.696,-6.5367017793147895
2.23,-0.7703821312021901
11.0,28.891128298633426
70.0,56.539538201718244
23.5,52.96025521314891
89.0,65.1325143055278
2.16,5.889356834909137
107.0,76.26416410702132
108.0,114.28940935021035
33.0,27.026075847367718
9.5,39.687458264725535
20.0,14.901162832331579
10.1,-2.698908690796408
80.4,76.24057076094229
0.0074,-25.096871881747205
28.8,21.848920440668238
26.1,29.64522700903043
91.0,67.79679567307808
35.4,53.27485837825015
85.9,84.52011174213911
94.0,78.64617542187892
38.9,29.460432458628233
2.4,30.302091894589324
0.072,6.595991532463447
80.0,65.88903150642295
8.174,-3.0849809354841895
5.7,10.49356028143432
6.9,7.127473918477833
21.8,19.05397626445638
1.668,14.084229709515789
27.0,31.33197762102058
5.56,1.147867479653982
1.8,11.622649018221061
13.0,57.54408985632125
4.9,5.269133573705886
102.0,71.94990273682708
29.1,26.134669878922157
1.58,-4.382721449436374
5.0,6.2749839416120246
10.1,9.604583878159243
120.0,101.55359326301686
0.75,-12.071610229557947
41.0,51.74848216115647
14.3,20.599242191493467
38.4,29.460432458628233
4.37,11.470737079405446
82.5,56.43915479954477
5.32,13.469279321253975
31.2,29.332107255577185
22.0,42.67781184063567
62.0,73.89940104554404
13.0,-2.11562229627269
74.3,55.58189260608275
32.9,35.52142587976661
5.2,27.706457594508556
0.095,0.7334242733958689
21.75,29.11399186353518
2.34,-0.6059397404107969
20.0,15.32076023638259
61.0,67.49931809805132
92.2,63.33466780927362
4.68,3.575275510284044
27.0,53.00813154693098
21.5,19.07946904794119
5.53,-1.9651149446032221
5.0,34.93246703550038
15.0,53.42909759756878
25.0,25.79553221675015
89.5,64.91665587900944
74.6,64.82136790296158
3.0,-5.52731241835432
61.6,64.35175993675391
77.8,62.21703759094451
1.2,6.861143679163927
5.9,16.606607904614933
19.0,31.28169726891379
60.5,71.58515127845072
4.59,-3.2583174279039397
28.5,28.11102522551444
42.3,36.3079414799179
0.145,-4.774618075874983
10.79,18.61307398204499
17.8,1.1776792037170694
1.24,-5.493053558842242
4.58,-0.31921102926955314
49.9,73.72076650277734
125.0,87.5823866590913
92.5,66.82430297902701
33.2,44.62854993541488
66.0,65.2824563127871
112.0,90.23805631048211
2.72,10.676150414159874
13.0,41.42286976692303
15.5,18.826763682454676
0.74,14.981876911097967
9.9,5.382105556871231
46.0,59.65349289118778
0.096,-5.748382075525619
1.5,24.777210449114136
9.51,5.382105556871231
10.5,15.05546656211547
1.1,9.921208809498438
31.0,36.28821599847573
1.65,15.125959551089949
30.4,30.077766004368492
32.0,61.19756354036209
5.872,4.556512148230656
5.72,-12.812758038958762
5.3,-0.45665794377473645
78.5,56.48033500318093
4.59,52.450998003523374
30.0,34.59253825096695
2.14,1.2742893586116466
123.5,94.960462255713
2.31,-3.934523341630374
87.5,55.41575256645906
76.0,57.921236401342
6.15,3.378651744339024
91.5,64.13763502906234
27.0,34.89118531432665
38.6,29.460432458628233
33.9,55.81373034603331
29.9,71.8980629754983
3.5,4.443995089203881
89.9,61.54206262406839
0.15,19.399640273847883
91.0,77.05800576822779
52.0,55.853486314876875
57.0,68.32721545184108
75.0,65.91474715355383
6.41,16.737690132516015
1.7,18.75459584603899
36.4,25.490681900551817
17.8,2.6052726771838515
0.0433,-3.923335199120764
109.0,103.15371360437382
6.15,5.586471271962438
4.15,-4.759299477249044
92.8,68.87838276007182
34.0,38.07703649584752
3.677,19.44884955376222
2.18,0.7766589562142343
93.5,59.26686538425929
25.0,40.52674788023235
66.0,63.56422664249975
72.0,48.03756835645301
10.591,9.100542460157737
9.96,21.117216373898952
31.8,47.60105665034321
0.39,-0.5973684048939845
120.5,97.27567119311263
4.92,8.29044325742683
25.0,23.580180966824475
10.6,-2.391446584778869
95.2,66.95388944357151
1.87,-1.9864245529993028
1.93,-1.2497446959727512
25.7,66.49425812422888
51.5,59.46316595363601
2.74,-0.43567384041787705
15.0,5.687633960203197
40.0,24.951397342619725
5.75,3.314730915526866
2.6,2.7366054744319896
24.0,53.21122352064944
7.4,5.845745463154945
1.31,-0.08732719928587329
85.0,65.27501539653952
3.85,8.669336747062502
50.0,67.58650233765212
80.7,66.10204416815873
13.05,24.34612641917062
12.0,20.677900440286116
11.9,22.710745571254147
7.89,12.635796825146791
75.0,74.35770568083532
81.0,61.93117421994242
1.15,-4.547597354853906
37.0,33.728229342162805
57.0,82.22395690654812
53.0,56.71394804473142
13.8,19.00353065487102
32.6,24.492872451695412
56.6,75.85049724081526
8.5,-11.142466520477605
5.75,11.34090062124913
0.016,2.6796972347439514
24.0,42.3795700201365
47.0,51.51700185860483
45.7,60.766082034377156
21.0,19.316905062740986
7.5,19.072930263356447
5.8,3.0741518401128047
90.0,63.481830550544984
31.0,34.73717735663336
2.18,-0.4412899576646012
13.3,-1.3828416981802505
18.2,-2.5223648848842544
117.5,92.65230622270373
3.3,5.845745463154945
2.76,-12.685691957980488
4.55,9.2291117633766
70.8,63.57043203641632
41.0,51.32952343119872
3.5,21.03533957768031
12.0,56.47696883006391
14.5,21.88696295943955
1.45,20.816462968978808
63.5,66.8350040840512
1.807,9.049057682067577
14.0,7.5124085348904295
7.0,16.438234656496608
2.2,-2.1606486152985767
60.0,65.18148101200549
10.8,15.05546656211547
21.0,9.779067773824245
117.0,99.25266545204698
7.2,13.936377697886755
35.1,25.490681900551817
2.64,2.9709198039558373
83.0,61.63662913386502
13.48,18.59919330760654
81.0,60.832469199293094
4.1,-0.6007545025889769
86.0,63.94129875547547
21.8,29.48002370907748
1.2,-1.055476237720086
92.7,63.93517732750766
37.8,52.47624117853902
133.0,101.05968048296651
12.0,4.884130925317962
18.0,63.68505751123736
41.0,74.13597591360649
0.24,-4.043872868341502
8.1,15.381552124173105
16.0,17.896400724348638
24.0,30.97542769577443
73.0,72.75169160198516
8.9,19.079892548051767
107.5,82.20212520765827
12.0,22.644933812645263
27.0,31.5529052281817
0.29,-13.205394650603708
89.5,72.18956833373011
9.94,11.700783808388518
1.84,-2.0114734365882256
38.0,33.551676208877325
2.3,1.5770953583671172
73.0,73.5710463260048
4.3,17.338134017651143
3.25,4.288083505106375
4.4,2.9012158732504503
68.0,77.13189596200513
73.3,56.1248670531642
26.4,24.78223998912424
12.5,-2.5221372039421084
76.0,46.47239674922086
14.0,21.31514399414387
3.3,15.560735958316187
7.2,3.8102997824566067
3.55,13.95058399239101
92.12,66.71448143971645
8.9,-15.784325264090867
3.68,2.2508144063377316
73.7,65.95717425525676
1.29,-9.7058664733757
65.0,57.79538804014044
5.2,-2.4624138174338768
0.1,-12.61654204078257
14.5,11.872668999129441
112.0,101.6115080649798
6.51,5.110721965648452
42.6,70.84758787971364
6.04,-0.37745650138979414
16.5,34.690459949329735
5.5,-6.280886302736441
10.3,43.853562414324585
87.0,61.93117421994242
40.1,25.811148526094236
12.8,4.6297881580028175
4.55,28.312136150656123
1.27,0.6698855997938509
0.13,4.83166093507446
84.0,66.77355607407358
4.5,17.998438141865275
60.0,73.70558868350865
79.5,69.91315804777108
10.0,15.069680895699268
1.97,11.62432339505483
2.9,12.153180092779536
21.0,31.122008651297737
13.2,6.768945319158906
2.55,5.384537863128841
3.8,11.953965589467124
1.16,28.258404072363966
29.0,27.90453071494498
9.9,-6.891429854667585
84.4,66.99120548645138
14.2,18.82130882665198
57.6,65.59838235259957
11.0,18.592926081755753
8.7,5.2365259486258395
13.3,19.484974840588464
16.89,11.098309643411639
86.9,75.7486438047735
12.5,5.7633340543345675
55.28,44.754142673675005
96.0,64.95857306590031
10.6,4.095504915240724
19.5,20.22221171593222
6.23,8.651303263272837
37.57,25.490681900551817
89.0,73.7168574294925
35.7,28.006627809369203
2.8,23.550438854132185
6.0,6.0119002592291935
4.1,4.5534202633260925
14.75,23.04103366574637
80.5,60.26946858348667
52.0,59.72803283756081
80.4,68.15303454674142
15.0,39.63371027414246
35.0,59.3000003811198
46.3,76.30603857307018
1.66,-1.7834752839852968
0.69,-3.9127674019023573
11.6,17.87266657676184
92.0,67.46877265549004
12.5,20.690176819831674
1.5,1.3450339214438287
107.05,87.36018043615627
4.63,1.513982157354235
17.0,3.8599480483134307
78.5,76.22196217310861
1.53,-12.571493964593294
72.6,61.35339383009254
23.45,29.98500262883044
74.3,63.466852132924494
6.5,0.7355594589426673
92.0,61.29818924405768
5.0,62.61184147843899
13.9,6.756830069531215
20.0,17.638407775201287
1.95,5.261129798626584
2.61,7.70698065899785
86.2,65.23543096540567
56.25,65.69477494698609
76.0,50.40096681451048
1.12,14.110018470735127
2.0,-1.6012050280348618
2.5,1.838795116699444
112.0,74.07875233318703
5.16,-0.8613185983813381
26.0,40.52674788023235
5.4,-8.383110890950952
10.96,10.717031789652737
92.8,62.44216703998609
7.7,-2.9863473041744086
1.34,-0.8569894932543534
18.0,0.24971358118691
91.25,66.71448143971645
1.19,10.174105247242203
30.0,28.94007312615294
24.0,55.051202359755806
16.2,31.097029685825436
2.16,4.384384327197953
10.35,3.1680588084074373
75.0,47.05786327926496
2.8,19.53741047386695
7.11,14.5658420784515
90.1,66.87964641676135
1.06,4.966205014561535
36.5,73.88170640465303
22.0,34.32650312194948
3.127,-1.6973467474094335
9.09,2.69761959058933
1.74,-11.196377977345705
110.5,88.21702482305116
17.3,22.80744989598645
37.6,67.32325556613694
60.0,78.64617542187892
80.0,74.32003588638281
14.1,31.85369917252457
56.8,67.21975913208279
1.275,3.1320661566304615
87.0,73.89940104554404
2.5,13.201143652226076
26.7,52.832011134132586
2.8,15.850018338440353
35.0,49.656473707902435
23.0,27.49076830400956
0.34,-8.45423763514922
2.5,1.7257693573101918
6.49,12.987135295769576
134.5,106.41712498585119
108.5,75.173258287109
68.0,60.58298914417471
8.7,6.625722829784888
81.8,63.57043203641632
2.52,7.912268699666406
74.0,62.743607799821426
2.91,1.070796497930509
57.5,64.38364270955401
52.9,58.35289665130958
92.0,43.74569913205941
53.0,66.71448143971645
86.8,69.62359616858154
99.3,70.82641692986334
5.86,32.29310320369824
100.0,96.49263817835072
30.5,22.216214740287878
5.4,8.678384623481808
90.53,65.6197723321758
16.0,54.4254050032663
24.0,51.5022310303438
6.9,13.62580695840495
120.6,106.47045499346117
18.0,36.001224294682515
29.6,19.392108284263525
93.4,67.23695188924881
1.64,2.8805822664296805
1.56,2.0016325525115946
10.0,-11.731354886715941
2.0,-1.1299964569689536
56.0,64.73320491086821
3.11,-3.2025841579316747
29.2,19.588041486988555
81.0,59.623300692585715
14.51,23.18228885471609
0.44,-14.043244052404233
35.0,29.86804874623497
4.02,18.627736549936454
36.5,18.215724362556777
30.0,33.854278382843674
67.0,82.80688671945296
1.4,-5.243337841415354
43.0,50.55324246519403
3.82,1.9126428688169383
127.0,92.14294178356045
11.0,11.872668999129441
4.28,2.1492805296354334
35.0,19.80197478174007
28.2,49.26422514920303
24.0,37.795615657395594
24.0,32.43592714251673
87.7,58.17365660740867
3.09,0.5861048667904925
2.6,17.682042030819495
75.3,67.17974708880199
45.0,74.89267567828605
28.0,53.32798802871138
10.7,10.717031789652737
3.7,5.791427805224153
4.2,56.09806180685084
85.0,73.89940104554404
16.5,17.571188533896418
70.0,17.19811522459661
3.6,27.3579225917518
99.0,51.808846600019386
0.12,19.399640273847883
7.95,11.863531270779454
45.0,73.28716768567188
81.0,63.32798097815352
18.0,56.55087216131596
6.0,13.180020829769308
56.5,63.942555554271614
58.5,54.73079558571695
65.0,46.83290243359497
0.954,19.19994644494541
7.02,-4.594551197140973
6.2,9.068479256064816
92.42,66.71448143971645
91.0,73.67913267270342
41.3,47.75999068354764
46.5,58.30561776188608
14.9,56.30751768936298
74.0,80.65809709345545
58.0,37.93587842176705
0.127,-0.41161556185029724
34.0,26.10749231046492
35.1,16.361445563235357
32.4,15.1107018031202
36.5,61.66814195127901
0.133,-8.539537208461851
11.0,28.78081221023892
39.0,56.87155191459037
3.1,11.48889215126902
1.35,4.330464496574578
5.04,-3.2971498973502307
60.0,67.46877265549004
2.31,-0.6530006094482488
24.0,25.526402094247125
1.39,3.570444929316711
110.0,80.79764961794393
134.0,100.97837044293223
11.6,51.544411620314726
10.4,34.20953356168987
2.99,-33.46344148482718
4.0,1.9126428688169383
92.0,76.7930895608032
8.25,-1.6273980477259329
128.8,106.44049499065986
9.92,6.184699476156791
38.5,38.99015090123742
22.9,22.156654581561995
90.0,78.64617542187892
15.1,-5.0275796999606115
20.0,39.20820395619003
1.2,19.19994644494541
3.82,17.839095652412666
0.67,5.40647098543176
15.0,19.955629388376458
102.0,79.0585955028765
30.0,53.23427842535756
52.0,64.55006708096299
4.16,11.515550764539928
16.5,29.199281019185232
27.0,32.30377251163367
85.4,60.31575034763395
91.1,68.7024345419077
28.8,24.94454746497697
27.0,66.22969774331587
5.2,3.865379765310834
1.84,38.54840827918411
16.0,4.71204738936429
102.5,81.02233047094788
5.17,15.0197777399312
6.6,5.863173475749434
7.18,26.084208442172866
0.07,-10.006094357080997
93.5,79.71299554838973
16.0,34.808360867884076
12.0,42.71837071811809
1.68,7.433860478165926
40.0,28.493039771414047
9.2,19.079892548051767
19.4,-7.438958210744673
31.4,29.332107255577185
31.3,30.262968590989725
75.6,57.561678359748626
114.0,99.63398895826364
24.7,24.521040362466593
111.0,85.52961476496476
70.6,55.25862694015852
3.752,10.355016665348248
25.0,31.622270092470856
87.8,55.818104696063244
20.0,37.795615657395594
0.1,3.515172190603657
79.0,65.21667916564655
3.8,21.43189055159219
4.0,6.891530510800067
87.0,55.80706928593122
1.9,-8.82700008115674
3.6,15.309526995370177
31.0,18.66990734891527
3.5,6.46953248527117
103.0,92.0927694140949
34.0,53.23599707498133
22.0,40.64005204985955
0.38,6.444640455135932
94.2,70.62820771314755
12.7,16.06991708009073
11.64,0.630585528472281
72.0,66.1270473121841
76.3,70.9062316009487
7.0,3.71379177363783
30.5,23.580180966824475
14.5,16.544965402290387
10.4,5.596430887960892
2.9,33.67384339437506
1.15,-4.578757531837802
116.0,84.62883962886633
4.2,11.470737079405446
33.8,57.62145017013905
50.0,61.71458809775272
28.0,22.652277935471815
11.0,-0.8338047194655474
33.0,25.3885428896941
100.0,93.08140133838137
4.416,-1.1466615735470782
32.4,15.666235395981094
31.5,12.63867760227728
9.8,10.08422228410354
4.37,10.884537816266533
14.1,5.548083780878308
53.0,65.40967154916869
82.0,68.57575033793083
85.0,58.82778049445882
1.85,-14.65642074370944
80.0,65.46536606575174
79.6,57.26650711723993
7.9,5.409838180637493
5.6,-1.309205080606901
73.0,74.35509605647508
52.0,58.872313576339465
110.0,104.65009219445258
7.5,10.316500913013101
5.46,35.44174456369446
1.41,-1.3443917154690581
2.13,-3.452041340612304
105.1,112.14303624758341
78.5,52.678701730999485
10.2,8.356921840894781
15.94,11.72702116153031
4.05,4.83584612672626
27.0,19.274835959524506
75.0,58.8223463746298
78.8,68.15303454674142
82.9,67.37326564453882
0.48,38.829770650349765
91.0,66.86116641896396
4.3,15.7241178044601
79.8,68.15303454674142
0.152,-0.5259074965018371
3.94,-34.244408466093496
73.0,83.0351262226435
2.1,-4.476197790689675
65.0,76.95935239992639
45.5,45.475395460238474
61.9,68.16702301210623
86.7,73.67913267270342
5.8,13.469279321253975
10.0,25.72467566581078
30.0,25.490681900551817
3.6,21.4163993364839
107.0,84.44180079813373
6.6,6.525670508389197
90.0,65.33651610053533
2.0,5.566992523559804
63.6,68.26063213920861
107.0,75.81639669791949
97.0,74.32003588638281
15.0,20.089820404584916
24.3,29.238926851497695
4.18,4.50576213133553
90.9,62.17459670175169
0.175,-4.288361460338891
86.0,66.96315639110182
94.0,73.3779097227042
33.0,13.896019548939776
4.9,17.447313150816562
34.6,66.70587939538768
107.0,73.98321423384675
78.2,66.8004049721873
42.0,69.50910304704624
90.0,63.90109005411054
37.4,18.215724362556777
50.0,55.71040928560947
91.1,59.68551559553495
5.8,25.072482667624946
11.0,54.671066812484554
7.7,-0.4901586056442113
118.0,94.5197584064295
18.0,33.26110859574247
40.0,51.09394557028921
17.5,29.199281019185232
36.585,50.42547442773585
84.5,82.1280549075617
82.5,55.31939063361333
1.934,4.955209110608678
3.27,11.105842294010529
20.0,22.803018197108035
7.5,6.339851445940489
90.3,78.28849501218946
83.0,64.93981276982842
1.5,46.512531874783186
25.0,29.19113053180936
7.2,41.60534830788109
6.44,4.558891897123431
89.4,66.75096089733685
80.0,67.72653617250946
74.3,61.21161714166438
3.76,-3.2429594780796833
2.731,28.23117329007386
40.0,53.356986972384234
94.5,73.28191039733689
3.29,4.302176326627041
31.8,67.6312736516091
6.1,12.635796825146791
35.2,17.159695668810492
7.8,3.2477244421280815
85.0,82.93456494579704
16.5,30.737722073921702
74.0,73.04804667220239
78.8,67.72653617250946
19.8,18.11341455300557
18.5,0.9974418723986318
3.73,12.336775628084276
14.0,73.25339737251488
78.2,56.745269479953244
32.0,18.605405221107638
19.75,23.086377135596834
5.86,9.91793273537424
93.0,73.84510520902433
8.1,19.404431330064952
21.3,28.94007312615294
3.52,6.248633112723937
125.0,103.20677231295647
75.0,76.0595312439842
2.2,5.725374119404897
40.0,46.01326220564878
28.1,49.92402517953704
0.97,-10.580516954931674
4.615,3.2594072012610944
36.5,28.241657864979246
80.5,73.89940104554404
54.0,61.71458809775272
4.0,3.5948875405037697
4.8,-0.8186479171445527
76.4,71.08566592955917
93.0,73.7246446730347
12.0,20.40069264419138
3.36,-8.873019883236388
20.1,16.019474268140215
34.0,64.63271675143396
79.2,68.17731075827035
17.9,29.225092082614808
90.85,66.71448143971645
14.0,14.812152159748859
0.75,7.358788669583841
121.0,93.5152566451853
62.0,62.148522750367874
6.03,3.1188098864915013
2.3,18.1806133343055
68.8,67.17974708880199
5.07,1.0377951433533141
8.56,7.121224951790531
14.0,11.455993259773926
8.69,4.378724581123528
124.0,104.89757460225837
0.9,22.757843501264666
14.1,8.715340329185423
94.2,62.94582126136933
5.2,-28.474353207130036
1.9,-6.954829357335676
92.5,71.8040759485354
2.67,-10.29068255127848
92.0,73.39917670690062
9.26,3.7452472002841297
0.18,-0.2963300453949884
11.4,17.2993039745677
5.65,0.5621451385374812
0.655,15.587232081205762
15.0,14.003692668185863
2.31,38.5362289391548
92.4,55.70675670924841
8.0,18.693175913343214
6.87,5.1859833034481575
3.44,13.148454512086357
16.3,17.94511279328982
2.96,0.8103484515625752
6.8,8.467081006627225
6.0,10.418159276164726
14.0,5.598425677264586
2.24,0.19474653469654157
33.0,30.273504856971716
94.0,53.79648921193204
8.3,27.164157944819525
24.0,29.199281019185232
76.2,59.75229544724111
24.1,14.26724875282801
31.1,13.582463128240203
104.0,72.22314798113841
2.78,24.36346976607132
1.4,2.2968251534963926
29.0,52.162573565584516
0.067,24.807975737791388
8.9,-6.946146450056432
45.0,61.16068100256244
20.2,24.870611655312167
2.92,-7.576663543123338
25.0,30.17240038427937
37.4,66.26047727904475
10.74,44.16111414467672
87.2,71.93964098884263
14.8,5.53034686050453
91.9,58.139826891617844
110.0,92.64817424056388
118.0,106.19814520559137
1.49,-6.386173241892223
33.0,32.54499314000582
12.1,53.770125359781346
127.0,85.47929350717487
49.3,40.376494263067144
14.5,29.286932426876646
24.5,47.916256139468615
32.5,65.32487795239251
17.832,0.24971358118691
73.0,63.947947064505705
7.0,62.150022707287164
77.0,74.7974105167765
88.5,70.2896469259637
80.0,78.64617542187892
6.9,-6.240422906757807
10.5,14.306208815193763
89.0,68.86543565555101
72.0,62.93339013932474
36.8,21.848920440668238
10.58,-8.528919667726882
1.25,8.360823787038601
87.0,68.30144981590126
78.0,68.75728174441454
30.5,13.505547415288383
30.0,68.21935450447101
27.89,51.41524505108595
3.27,5.393987632449594
0.45,-5.746083490134254
2.54,16.75744602067752
8.6,26.655713728125093
16.3,19.60831634189962
25.1,25.97575497562119
29.0,56.84429488010223
23.7,24.09056702763251
69.0,72.01433250415101
7.2,13.126074757761703
11.0,82.56258245524586
0.141,-4.4593297863792785
55.0,64.6622690668651
7.73,23.508765169401684
5.9,23.508638695520304
56.0,56.357573623791254
3.77,4.559903889638093
69.0,70.37396689211633
6.24,18.71262514806542
93.3,58.3875745374812
92.0,63.400595391022094
83.5,65.5704984082123
2.35,3.641212004185242
0.45,-2.1799002525615165
4.5,-15.661250710901975
31.0,35.92852850878574
4.5,22.979164071492796
82.5,59.95493377752564
6.6,6.297708554327031
34.0,19.112470317252253
2.42,3.646141064075046
82.0,59.58654258307794
4.86,-4.383476951097528
4.9,19.493780846331784
26.0,31.563078441832516
93.6,70.48589937174705
80.0,84.97623030991122
3.0,9.772332456531384
0.58,4.966205014561535
2.79,9.650897771937778
1.4,12.581831097479391
92.0,68.63771435930552
15.7,29.039251881398314
63.5,56.45548089370223
25.5,31.447983930418026
108.9,83.10334197494126
2.2,-7.207626867444098
1.1,15.682512054641656
11.5,5.67139565744554
89.6,78.64617542187892
39.0,62.3184881867374
79.5,57.26650711723993
11.1,27.865990176220443
54.9,54.096872322981
4.65,13.453715106359066
7.7,6.058724895362346
6.0,13.378410583787833
59.0,55.089419201481746
4.2,7.966910930089746
21.0,56.59807187634503
2.25,16.109209375994162
13.6,14.364106302912596
93.2,74.56482845144617
4.5,16.345598564080056
15.6,24.473801990278847
64.9,55.70675621186665
50.4,54.096872322981
37.76,18.605405221107638
0.2,31.03654517410678
82.0,67.12283978848498
83.5,60.1851585260383
19.5,21.211306841733787
68.0,61.09641713292417
0.21,-1.79293196104868
15.2,6.847502436301941
109.6,84.42733854802233
119.0,84.62883962886633
10.5,12.752201640392073
16.0,5.712767003605411
81.0,61.3022227793807
13.4,19.023854597143767
86.0,71.64298592459984
87.1,69.84921954905161
117.0,92.43795104961958
82.0,64.61440788548224
62.5,67.27525435982069
11.7,42.71837071811809
16.1,29.137719243819223
2.1,8.829687410000172
72.2,40.16776096315294
88.5,72.72617033669229
6.5,5.85072955861844
5.91,9.949326867471722
9.82,10.318455385575263
6.6,13.918501770313792
0.85,-7.160568270418018
1.0,4.144353541702525
35.0,69.89214217763976
1.98,-4.986593126925698
73.0,68.76857229340398
6.62,20.6981334649606
1.83,-8.016575257230521
76.5,69.48091065735562
85.0,56.023868250913665
2.43,22.080345874262996
91.7,65.7022150846834
63.0,73.89940104554404
13.0,57.510473577371435
1.8,0.9286658414666107
2.2,-3.934523341630374
34.0,32.509831636442996
78.0,56.685022249342
86.4,61.71485263223812
60.6,56.438432864330395
6.85,12.918389191013219
16.0,68.24834904751751
2.2,3.9778008948607066
21.1,31.7246746712171
82.0,74.29471340390904
73.0,64.92129508837988
26.4,54.961931646304635
48.0,67.70545864865727
15.0,11.872668999129441
0.556,1.267884921383498
66.0,85.16110186204071
10.0,56.88966573134574
9.39,-9.242326184021493
7.9,12.175049035386905
3.1,15.629265307295814
81.0,78.39591675631956
8.29,-8.234850316181728
1.56,1.404485526293989
88.3,59.9186804359408
5.8,30.65735037356186
73.5,56.63902646676152
70.0,74.90291232080995
58.0,45.133182134817886
5.2,14.09785598466129
14.4,18.750955718973366
1.6,16.658498133519643
3.84,1.5031843284440924
35.9,68.3268161193657
7.61,5.1859833034481575
12.0,-6.490495463450671
0.932,21.6262584883594
3.4,19.80342470057679
20.0,53.033492619498425
25.0,24.551966630257454
17.6,10.960964798071721
1.2,-12.747267536131787
97.0,67.29445552386068
28.92,23.343954528262067
2.28,16.51737439355636
10.5,7.212471886119445
35.9,21.754630483744563
10.4,17.679798257280037
23.9,57.4211175043074
96.1,69.05913991641017
20.4,16.688355468613256
6.9,2.44186316676819
14.2,30.384889412370025
3.458,12.979167760013873
132.72,92.20234990699913
4.12,8.406334561649327
66.6,60.58932196021787
55.0,30.120916054320887
79.0,71.55381177926398
60.0,66.71448143971645
4.9,8.74903717607311
6.5,25.19966465582744
8.3,30.832329064792543
20.3,21.409073940342616
25.0,29.301895481013677
30.8,19.392108284263525
15.75,17.06384951019103
34.0,36.10479326628146
22.9,34.690459949329735
1.4,0.2890043152104056
17.3,37.407287622938824
6.55,-17.21906328685059
33.1,55.07973245992143
6.09,12.374726051053429
57.4,67.50788022216241
1.51,-8.437651027347968
108.0,97.39643131943677
4.0,2.050613056935809
7.035,0.19718923369949692
4.5,28.00344565610088
53.0,79.24983291899653
2.14,5.566992523559804
70.0,55.94329025220139
43.5,67.50788022216241
6.7,-4.594551197140973
88.4,67.88191417107575
8.2,20.557304632889384
1.3,2.0436122158367525
4.11,8.509591747819378
89.0,67.64623864864393
14.7,18.133388729642608
1.39,-4.811954533004666
109.0,75.81639669791949
63.0,74.33679543402562
5.1,1.7091023679353938
88.8,65.5704984082123
6.25,7.0442859565341
87.8,79.98099198017627
26.0,17.68702684589214
8.7,17.63781150602292
19.9,25.845240648650552
75.3,69.07629519522303
74.0,59.08378580486849
19.3,4.239971735804371
55.0,60.27627692266173
18.6,24.376812442566404
78.0,55.803461250924634
21.0,31.2693727708152
68.0,58.812399732055944
39.06,53.67624461805141
10.0,12.658454268800988
58.7,72.87531547477391
17.1,16.438234656496608
1.0,3.2331454232325036
95.0,69.60730706718806
30.0,22.413682592992057
30.0,74.6537942694251
3.403,6.65776325323818
34.0,51.91150424872896
26.6,24.186651155484746
2.5,8.962000949523365
2.75,23.207536960755377
75.6,57.26650711723993
10.0,29.706100143534876
0.63,-2.4724019641260355
14.38,13.238732063198281
89.0,60.51675975416853
91.0,73.5710463260048
29.3,20.011257462584364
3.1,5.884229146385252
34.7,57.772981706540804
45.0,76.68787510419773
54.8,60.42346697572944
2.4,-4.341194241894229
25.0,18.942894630915617
10.0,68.78607019529946
1.39,2.0917702021761215
3.845,25.809910237058208
38.0,73.09353976261909
9.4,19.351377963786568
100.0,70.70874476330326
76.8,61.359833864326454
30.3,26.57764650994993
77.9,58.13396726029187
1.52,9.623916591316132
0.088,-3.6635864951215424
18.0,30.273504856971716
110.85,89.70027496053717
6.8,-1.8887248357309545
67.0,71.26722744816564
29.0,68.32078374504155
30.2,38.34096214175234
81.5,47.46587296512615
1.65,4.926427765642472
54.0,27.88267340999601
18.6,65.10388375189896
80.0,60.61139407134975
1.61,-13.753472006062879
0.6,-2.30696484639774
3.7,3.303903658449645
62.7,43.38241592992706
15.4,36.12010982057676
106.7,122.8348785695832
13.0,65.81774634971006
55.0,72.17158108532459
92.3,67.17974708880199
10.74,20.733055049722033
5.98,27.531700347310135
15.1,10.65587117586983
9.99,6.4927951427682515
21.0,14.169591811711598
49.0,69.87046122025608
6.48,18.82130882665198
93.0,66.71448143971645
63.8,53.24833202867252
49.0,65.76235157497482
127.0,97.27578056047989
120.0,98.15942694024513
2.82,7.379864266722812
0.75,-2.4724019641260355
3.18,5.671427683258628
41.0,89.87879793400482
90.0,73.36329104654521
55.55,67.56679581705455
85.0,66.17171671461807
4.09,4.13882578699501
3.76,0.049286249266167204
5.93,12.679511902823066
4.51,12.826055985561133
25.4,73.49033729343694
21.3,16.26155391301571
109.0,90.69762173343966
63.0,67.31369003914332
2.04,33.027110473551865
91.0,62.4040126426466
32.5,15.682630420217002
17.8,16.438234656496608
0.33,-1.7665943575815461
18.1,5.609474543946213
38.5,37.292235931052815
86.0,67.15577871988748
25.0,63.51252143032038
46.0,56.90775413523711
0.48,-10.506549589655009
93.0,63.22945891504949
24.0,31.788583400987036
14.4,22.985255037205597
15.5,3.613327589971842
4.5,8.327457595595831
8.111,-3.0849809354841895
2.166,3.8852136513331956
92.3,86.39892536731674
19.3,-7.3789255526814586
2.35,8.031367596997296
2.7,-3.884721381282354
2.1,-0.8455176663947057
9.84,18.75678584833402
108.0,74.0584527796669
8.4,23.04632970839176
27.6,31.324681659141643
0.93,-9.854841777760164
24.0,64.22004336177098
6.01,13.282336114369233
31.5,86.30048359296629
91.3,61.01264510401068
40.0,55.336192198737606
105.1,106.08947759510843
109.8,82.37058051357809
1.3,1.1286841872073978
76.0,73.42789957209355
0.138,5.590611879195251
5.76,-6.235696965973851
130.1,101.59041410234059
12.7,28.76607034118539
105.0,64.50964457201466
0.05,-5.456856004498583
6.03,-3.907540031896474
18.0,86.96166095161524
18.6,14.949817514911494
60.0,58.92880935895684
4.0,19.095474774733653
83.0,71.08154435674584
54.6,38.19244891873832
1.6,2.762772663803112
2.92,3.882563746153103
65.4,56.11232437311264
0.06,-10.47563338489634
7.0,2.100294889336176
102.3,73.99090009994711
79.5,78.3609802282065
88.0,54.12480132313111
4.94,3.193258093752661
3.2,4.9322223380005745
2.0,4.861414524165838
1.46,31.415281373864286
16.9,9.67723369381002
0.6,23.008260794943315
30.2,23.83022203042479
47.0,61.90854926793057
17.0,14.297395870540651
11.0,29.017544137938668
92.5,73.71001367811954
21.8,26.47950466166104
9.96,9.6823550577084
20.0,34.82010825854334
41.9,54.90517584935225
7.9,10.929284653200575
122.0,99.6955191484557
73.2,64.80625308816681
83.1,66.71448143971645
29.3,26.29386276119065
35.1,25.473860284925323
70.0,61.51587363467064
4.1,-1.3750760455230377
0.5,-0.9125379364124768
110.0,92.33792300809552
98.0,101.2724410280425
13.0,55.60356581734065
0.95,1.6756901428090387
94.0,63.632938813526366
80.0,75.9439794078597
88.0,55.97309495084667
14.0,33.225154758261674
64.0,65.60906396543949
16.0,30.137379553135474
26.5,31.892741502917286
1.58,23.355726628467373
21.0,34.09134791376185
19.9,18.820424403647028
66.4,74.74095966229584
35.0,36.35596180393405
2.0,20.609243654117446
90.0,65.44979733590951
4.19,3.979477496397699
86.0,66.5154380502243
80.0,75.6942807155478
106.0,114.28940935021035
14.2,17.896400724348638
91.075,66.71448143971645
76.1,69.7980227469356
19.5,19.346113610504368
68.8,60.70573867087722
10.0,-2.5181905819179704
5.95,13.364218571633863
5.0,1.9762868035896162
106.0,74.22896700779836
0.62,10.754307974500918
13.1,7.34427725950346
4.25,3.8852136513331956
38.4,67.07217691238773
14.19,-5.07160994877227
1.5,16.2902974644577
3.34,6.562741972560282
2.78,8.691263843222409
36.9,18.612974478184523
2.9,2.8977964632694544
29.6,12.322909979496039
72.0,58.9861468606681
88.4,78.64617542187892
5.71,40.01801807641305
0.6,2.130990333768665
16.1,14.043896653242442
88.0,56.334665614860015
88.9,58.40513942855233
5.0,-6.871575096882616
0.88,12.532167183687605
85.5,59.20292224051235
91.0,65.95540199883598
119.6,92.83645335101266
0.46,4.941589861176173
92.35,61.90427457983216
7.194,3.5767776726132325
4.5,14.800623009140665
8.0,-1.8121522806349404
2.97,28.665013163254603
13.0,32.90334701269853
35.9,25.54206410115254
9.0,24.23725798840175
17.3,52.085315370667885
70.0,75.73210411081456
17.8,31.08313589474826
4.44,5.5445116293158705
27.8,55.73397666624693
0.5,3.4269600235959636
10.95,5.556065703387148
3.34,3.105549855387501
50.0,69.53769536276512
48.0,68.0388932972377
2.32,-2.1606486152985767
133.9,101.55359326301686
36.55,62.890964999854674
50.0,68.06468714289954
18.3,4.317030995225284
19.0,29.83743591268602
3.2,14.89281247999406
79.5,58.954856796215395
82.0,74.42127547586006
15.2,22.182619578831638
4.7,-3.323406857978604
53.8,53.929022179838
35.0,38.70924217565433
5.5,-3.812175003771742
13.5,11.133758520848854
6.0,5.305939380774419
0.5,19.6966098325432
1.2,19.75122998458444
6.91,6.011957796805852
8.2,4.187385679559906
7.0,-5.173248475068007
68.3,63.6912344892482
20.0,19.222245974427413
60.0,72.1307849358912
91.6,60.7996422298642
3.71,6.836528770715354
92.4,64.91665587900944
2.52,13.436263079466272
3.3,1.6767958959906721
15.7,-7.496492342415237
7.0,36.44372105252942
1.14,-8.33229201753145
12.5,15.761480366761017
116.0,86.74171680948973
7.0,51.89778795218537
3.2,15.850018338440353
23.0,19.019983053756214
63.6,64.77183176785404
8.5,4.80833356248062
24.6,21.75730067642914
112.1,73.93830854938219
48.05,67.51500295725792
23.0,-0.6272018649721076
54.7,59.73724415671386
12.0,30.75921778818791
86.0,37.07428505488161
62.0,23.122926967570955
32.0,27.022344764983785
1.175,16.038229585648835
40.0,5.382105556871231
50.4,67.42980023962076
22.8,0.17198035897369124
1.6,22.78475603120051
6.3,0.5135507363101652
65.36,57.8302235288109
4.2,-0.6795047929153597
77.3,60.860651431456034
92.1,66.91670322176353
74.4,70.57780766221936
6.2,14.236608284163033
3.92,26.350458383616058
64.4,58.1253037225938
96.0,63.634051151857975
41.0,62.604960688877036
0.86,1.733088727321345
9.89,20.689584853293717
1.78,5.904868158458147
90.4,73.89940104554404
64.9,64.3603245338068
90.8,73.16010213127929
19.0,16.480409479947852
21.5,56.55977438068846
32.0,27.00408716328233
25.4,28.072431080752953
14.4,5.481013534549962
45.7,75.04269811388625
107.0,74.17442695259241
5.1,-17.103897684605478
30.4,29.460432458628233
4.47,-17.21906328685059
88.0,54.95980933075089
81.0,54.46808921291867
78.0,59.70532471352783
79.6,58.553057072687295
19.3,40.28255404854507
24.6,31.022916367745957
2.84,1.8956397765320787
91.0,67.00991231683815
6.2,1.2984127568991823
3.69,-8.596310684084052
74.0,57.045540861918056
7.85,26.084283317329444
3.1,12.668570017975838
40.0,29.458179568516695
27.5,18.937696338337712
54.0,60.47763863729217
1.45,3.8852136513331956
81.0,58.47953608898374
14.0,31.771609765527298
5.3,13.475896003775965
7.6,21.47071247118631
2.68,-14.04473182782796
48.0,42.497665175780725
9.5,11.920311708694648
23.6,36.34627807724266
7.0,24.071914047901114
91.5,59.01537525197669
3.6,14.562362229798676
38.0,25.053039928135306
44.0,65.41851101467039
1.8,12.68751995509799
97.0,73.69679420109387
1.86,2.542850880424602
2.89,6.934305704400931
12.0,31.122008651297737
60.5,63.851696909257186
57.7,61.02420628350606
2.0,7.859089978432898
23.5,48.21132499586335
8.81,15.629839895241872
32.0,14.84822512299046
15.0,49.78967927951187
3.58,3.9975056087190843
25.0,34.90347621756162
11.0,4.507080387724994
47.0,65.45234364913799
27.0,35.83204898114679
22.0,22.785380281805793
0.55,39.81099324250412
8.2,18.76840326917243
27.4,18.18138987123296
4.0,-9.146242384689039
104.0,80.61072955328842
20.3,4.239971735804371
90.0,66.86116641896396
21.0,52.94964195742169
37.0,26.01698590823517
54.3,67.22627231152967
30.9,47.60105665034321
0.74,23.77969253082683
83.0,55.708540559024854
39.0,77.07471491866971
27.5,54.63595604611856
6.56,6.283115713628291
93.0,76.57799017284454
3.2,17.974773834094076
0.84,-0.8416980301037071
53.0,63.6029044415856
4.07,24.44274951800086
2.29,-4.34954944096328
6.62,21.863030468919106
91.4,74.28872189276527
1.51,3.5246703190734294
1.88,29.564074689414113
76.0,86.36894388079074
12.0,25.410175950713523
0.07,-5.080987976638816
86.7,58.08013862962459
2.8,4.194408695849884
3.1,6.526286684112822
83.76,59.452756721737174
15.0,20.44148724261238
68.0,62.595729715703825
92.2,66.78390148360737
6.26,13.62580695840495
5.1,14.821658048883542
2.1,4.410591613195404
18.9,19.608239931111505
43.0,66.13328980520615
83.0,68.89815879617346
73.3,65.31566299198062
36.9,24.951397342619725
15.55,19.590196216795782
95.0,104.12307239944508
7.6,10.241381299120395
123.0,93.5152566451853
3.5,-14.898025467560707
84.5,57.32554928700484
28.0,66.05429036686093
11.5,34.52197141756641
76.0,72.14206957996899
7.91,-13.907094693244424
12.3,25.49060003586986
11.3,34.52197141756641
63.5,61.38237226459491
1.37,19.19994644494541
92.41,79.82042666021255
43.0,67.10356709047733
5.14,21.63783107170537
1.2,-2.8251080067360377
18.2,26.951554501077624
60.0,68.15567052452413
42.0,62.81026461839734
93.6,61.48054245020481
10.1,21.32239055374842
49.0,26.020098299462195
107.0,114.28940935021035
79.89,62.763582264264635
80.0,64.48819106493016
74.6,65.43307478068101
2.4,22.464067364967466
5.86,6.736076394120872
116.0,85.39525951787293
0.34,8.467081006627225
63.1,63.43901988783658
28.7,28.94007312615294
14.9,11.390366670650284
14.2,5.11730920014892
87.6,63.02166690968049
9.41,11.993555753808042
2.35,8.031367596997296
38.0,24.122709498533073
1.095,6.9581621051185465
78.0,95.77907491843894
92.0,58.792805381127444
3.74,3.5525513489378824
87.0,66.52033560575356
6.36,-5.286798395715714
7.8,-11.19026838326699
57.1,61.24486655591204
48.55,62.91986936800492
107.0,108.6706245123622
2.53,-3.0717760069469406
66.1,65.2861225794763
108.0,86.36894388079074
29.9,63.85726679185983
10.8,15.05546656211547
28.0,57.19769536959301
41.1,64.78919607101201
73.0,80.9654908629387
50.0,68.29615705875537
13.0,20.702597176385346
113.0,75.86789746846566
4.1,-1.8742078020579953
3.5,55.08805221730269
94.5,66.25246886006938
7.5,38.952489371065916
96.0,59.46316595363601
0.1,40.180004816970126
110.0,95.15450037399054
73.1,62.91094808407399
24.0,18.91375415486656
75.1,60.90197691539361
6.8,2.309249282085375
37.94,25.490681900551817
4.5,6.121661591099013
73.0,67.53745310839435
4.4,22.899478561080045
4.3,7.564598368719452
32.6,28.591287963733258
3.17,8.7365777680055
90.4,78.64617542187892
32.17,24.412471443231034
4.1,9.061810200228972
34.2,28.006627809369203
74.0,58.58472117614831
59.0,56.553750789585784
113.0,93.5152566451853
48.5,60.1993586343946
31.4,59.5257137246539
1.3,-7.518222075302766
35.0,26.175309903696522
3.88,8.648275368022976
74.0,78.03644402785385
18.6,18.856472612121298
71.6,57.55293875721461
0.09,-1.5945791814020822
14.0,69.38716202774165
0.05,34.77224612629987
72.0,70.7341734198574
134.5,101.55359326301686
90.0,63.634051151857975
68.0,72.30125070875914
7.1,10.367988764085101
1.2,2.1013896230280906
2.23,5.539150608479435
18.0,71.7655547803621
1.96,-2.7378142584850664
82.7,57.01084875835208
14.1,16.878547422198153
1.9,-1.1299964569689536
47.5,56.53605726581924
91.0,59.96256754836886
6.0,43.04128804261366
12.0,34.44271233172304
20.0,65.684807495949
28.0,64.98702860506688
37.0,22.467693224294386
7.34,7.34850902573902
90.0,53.9936446157414
80.0,73.71728932769588
127.0,97.33195606293668
43.2,54.107108703286876
91.0,55.708540559024854
13.5,24.38162269771587
2.62,4.625065460384995
79.9,68.7724894895259
81.5,64.51036632466517
15.1,18.571443193974496
56.0,37.84751772748557
100.1,67.43222921284058
48.35,33.34607435898586
2.3,3.3642022344930105
51.4,61.18145641941747
41.0,57.99103924345958
57.6,57.111277176306686
30.0,28.587523543021234
19.2,23.608501869940568
2.3,17.526348583949414
52.0,77.50658051140218
77.5,77.43940625080987
37.0,39.484091463846106
6.5,-17.134764725811138
87.6,69.51534678532431
47.73,69.08860847597578
10.3,6.211103743146854
63.3,54.709141807350505
25.2,33.431346487319296
6.0,38.72326466784878
89.5,57.13899066308484
32.0,68.08291644580282
53.0,29.412762229026534
4.0,-21.691265707020435
1.56,24.238258114562036
1.38,16.73461698720569
8.5,5.761263833176155
85.2,63.39547670123375
92.17,79.24436548041174
17.4,32.18717873072241
92.1,73.60893466011302
5.5,20.564025381961237
9.2,19.284147887083872
10.0,65.27368383175147
10.0,10.90273096994978
103.5,90.93421161613156
72.0,74.31903011977882
9.4,1.5427382192542538
2.7,-0.6570756925394363
36.8,70.84758787971364
32.0,26.962928311419265
107.0,92.86128387228266
1.2,34.155606144709225
1.3,4.499897555125788
51.0,53.92055440142553
71.0,58.60140009490989
34.8,24.41957002665623
34.8,24.41118435924325
3.0,20.283139774924027
2.6,12.635796825146791
3.15,12.4382764328621
4.26,-27.51861929289896
2.2,20.463797817476095
52.2,68.76764427332955
23.4,19.019983053756214
44.2,66.72226533655252
0.16,7.0321732800243275
48.0,63.57043203641632
2.29,-1.4438923696506336
11.55,34.52197141756641
11.0,5.481013534549962
0.59,4.479953276380698
0.25,-11.82121701667996
71.0,53.02866906182339
34.0,34.21205334025077
8.0,22.216549752165317
7.2,11.127444778690904
10.3,20.071377434981123
27.8,17.677153964746402
25.3,66.31052741489276
30.0,74.06630180547171
77.0,42.795902759626436
8.4,41.59787969209813
1.95,17.957534783689947
37.0,35.08971109984267
2.82,13.083866472775568
4.75,4.625065460384995
3.52,13.95058399239101
3.2,21.55309768032937
13.4,1.6370515337901352
78.7,78.31788164422107
80.0,73.1071359216487
53.6,52.36980982862933
15.2,10.327252662884838
88.75,63.461922456405205
86.0,59.96077437139652
35.0,42.47961632315014
78.0,62.75773076952918
2.2,9.718842828888363
102.0,71.19564852805351
41.2,68.09070051866367
3.6,-0.8501592949701191
85.5,71.70002304377792
45.0,35.28404927625979
74.0,57.83190694874141
101.0,78.69628673451444
6.155,11.618582844389763
10.6,24.10866949917405
87.6,94.9590347732634
4.1,8.002116941606303
32.0,21.848920440668238
74.0,68.07698824155926
35.5,29.89612267464804
7.38,-4.594551197140973
16.5,6.3874597785635245
59.53,67.68554698297658
45.0,26.96953109218706
87.5,66.55985815162447
3.7,5.006270540163637
2.2,1.0649734643318496
31.2,35.45876915460534
50.0,74.78900983096173
18.0,16.60311441878043
15.0,16.828944950384482
38.9,38.19244891873832
8.61,14.236608284163033
3.38,2.9005179350746104
37.0,55.708540559024854
82.0,64.16203491058424
21.96,43.06335134186187
1.7,2.320571660511696
3.9,3.8929893197575822
3.19,-12.650259271340808
13.0,22.983584043991918
91.0,78.81935249813318
1.03,15.15931031947823
3.9,14.579988071194805
13.5,21.848920440668238
25.0,29.580016078160305
3.85,-3.843935260574206
5.45,2.8515191711941235
24.5,21.00974352616287
26.0,51.90200522614835
3.24,25.615772537642528
2.38,0.7781481944719459
5.03,-4.554551109705436
70.0,88.5282095684253
14.5,4.71204738936429
4.45,11.409268097597902
13.9,18.921414975008226
14.0,26.483035222547556
65.0,67.50384489832476
133.0,106.41712498585119
45.0,63.69527141069655
37.8,29.460432458628233
67.3,67.25608649799703
35.0,64.59679926705473
94.0,74.32003588638281
55.0,25.419974180703843
95.0,73.69679420109387
21.0,60.48883718911179
91.5,65.96488852324025
1.86,12.323525872945243
2.15,14.915798265196774
20.65,26.509852246022064
19.85,23.97768116859213
2.6,-22.536480655995113
19.6,30.371955089710134
6.0,11.281107646321932
14.1,5.558282164780884
27.0,57.310319136252765
129.0,84.62883962886633
60.1,62.421337381905964
40.0,73.65701463454513
1.88,4.347318156007525
91.8,66.44178533849066
61.0,62.91732159770472
60.0,69.05913991641017
54.9,67.58650233765212
1.52,8.539314764152017
7.4,6.927199351317736
4.55,8.9331077641583
30.0,73.68726078205529
6.43,7.879139699472578
11.4,39.25940642987911
91.5,66.06221642371801
18.28,23.976684568805965
2.9,0.5378065838218333
4.87,14.51962972588613
7.135,1.4653724352593258
0.93,20.65638401581617
79.0,79.59789432318118
10.0,21.65352929799234
3.8,23.604731326333894
84.3,72.39390677418405
79.6,55.04175882897246
90.0,61.18639245112212
43.9,74.24899864042251
20.7,19.191498206104036
11.3,19.322537726998533
0.993,-12.281715010786648
13.8,6.756830069531215
11.2,30.334663320418446
3.82,3.0769796041546016
76.0,62.89553826859763
82.0,61.927039018253005
1.92,4.520167645938944
23.0,35.92338718636363
0.9,15.225821070936796
96.5,97.88455316840495
6.38,2.543791796771508
89.0,67.15492347369366
95.8,73.49625069454285
1.128,-18.472865091562532
110.0,88.88315240073297
4.52,-1.6827806234452751
14.2,21.07355354304984
35.6,14.50942283385681
13.7,-12.718599264131662
13.0,33.62572392849211
6.41,6.438435158569462
17.0,30.077755499394492
3.32,7.2726836285686005
44.0,65.10050533134142
93.5,69.6301732756746
52.5,75.82274041548939
35.0,38.1734364240365
116.7,98.11724529254906
27.0,59.9277082050674
78.6,66.71448143971645
12.2,30.160340729424618
3.405,6.65776325323818
1.17,9.857224324685212
8.0,58.138132199616585
0.65,-3.0562900752854816
2.6,-3.7814940758035434
15.2,81.58758295260768
105.55,72.39733156911981
9.2,9.51512802954851
24.0,34.11881793461745
66.0,64.97504140358701
10.2,10.675105853605547
5.42,20.140261759606613
72.0,66.9534658146454
33.0,22.156654581561995
81.8,68.15303454674142
8.7,19.323035852563265
92.0,63.353128236295746
0.569,6.777696625396775
79.4,62.75773076952918
8.0,59.46479273696882
6.0,-1.4350089405644653
0.54,-4.787625192767678
39.0,38.689638811562006
95.0,59.441458495500015
16.8,0.5349418275153184
4.4,23.103327983107974
33.5,49.656473707902435
6.2,19.507325891594483
22.5,49.94485691591403
68.2,63.353128236295746
91.95,68.52074909017577
27.1,63.37116435773585
1.653,-7.838191962335422
13.9,26.42238192289598
61.3,67.03643892942797
82.0,70.87019774374826
85.0,65.02019306453738
5.6,8.256035625772881
5.4,31.624392151324827
7.8,-3.0792149926744656
9.5,-12.155132018062055
74.0,63.44790794238908
70.5,76.95935239992639
3.4,10.2027146453634
0.38,2.2303809826124734
27.5,25.95996990374817
2.22,11.634923138470278
105.0,74.17442695259241
80.0,59.85212172778578
23.6,17.172353994852145
1.65,2.4295219753743176
81.0,63.57043203641632
78.3,68.75728174441454
6.07,-0.0714102178075251
90.0,64.91665587900944
25.0,69.8574332942302
91.33,66.71448143971645
5.5,0.38340336518428586
83.0,86.02486607319304
85.5,77.34363267182255
0.055,-27.762600470709877
6.2,6.876969697718451
0.76,0.5938289386951325
37.75,34.34590573562819
35.2,28.006627809369203
53.0,63.86874219390418
17.0,47.20983394364349
18.1,42.449404316329726
4.97,1.050046655443687
51.0,57.60570138259736
85.0,66.78756794099088
9.2,10.157708467973045
8.8,9.62592836404238
23.5,67.11615606537637
87.7,66.71448143971645
6.35,11.319930454615221
110.0,84.62883962886633
39.0,57.33110521083758
75.985,66.93231983466825
2.39,1.2406867480229167
127.4,111.05219271925827
61.5,59.548685141204174
66.0,85.40604622440054
54.1,67.56679581705455
31.1,54.50325463126558
32.5,20.839623948426368
48.5,67.70545864865727
24.3,29.199281019185232
0.8,5.6624657422711735
71.0,76.08814926593368
1.51,7.937108460554505
42.0,52.75832412410965
6.0,-11.751278933181304
10.5,39.67419151860636
38.0,25.411496449309837
29.0,26.300450836199595
2.1,24.714110561500945
13.7,5.53034686050453
82.5,85.30408247388621
4.46,-4.231789653144588
39.0,75.60172776032684
14.5,-3.728489068292866
16.75,34.447821026707565
3.4,14.551742683513151
2.38,5.580193511765035
80.0,76.16178703358003
79.7,76.82976623396655
0.857,13.88197432863413
28.1,62.616700014695965
15.1,17.279591193971946
13.5,14.481537430967446
18.0,37.429796526391556
74.0,71.62691069506101
3.1,11.805467341523471
10.2,-10.702703331617975
2.78,8.179252957898125
2.25,-0.7703821312021901
10.6,19.323845846665783
0.022,-9.163357170825464
5.9,-1.9833439147902965
29.0,58.24295587751762
93.0,57.98141836399209
32.9,24.86537355401882
1.7,17.049062940685335
8.0,2.463059857275965
4.4,-11.356587079849113
17.7,24.008212251002533
2.62,10.266413424231597
11.0,-1.6666369068489288
31.3,81.33173375927525
33.0,76.46175013059462
13.0,20.011088294154355
3.7,9.794648142482512
0.08,-0.8822937056149343
71.6,56.7062137125139
94.5,62.91094808407399
10.8,-1.8009107482878335
23.3,30.273504856971716
80.0,78.15763723643019
18.0,16.92076831889919
38.0,55.708540559024854
45.3,55.707051041327645
106.7,73.93830854938219
11.0,20.67118434783878
81.0,65.8300574343363
78.0,61.011600435183276
4.3,13.098668188413125
3.9,18.461173892952488
16.8,30.273504856971716
12.2,30.166563152979776
32.0,15.342210422104351
15.0,19.84499969460719
7.18,12.301429470587447
104.0,97.39643131943677
4.6,22.467989436215134
3.0,5.467801718574826
25.2,18.591226555733407
20.0,26.997720720618304
82.0,62.92235533921299
13.0,1.140372166710769
50.1,32.16515884167283
71.0,65.95700935586194
26.0,43.41481264738917
13.0,19.65046290951445
6.9,7.059952829340332
48.0,65.7669495938789
103.0,87.19395850437208
5.6,12.045207140936991
1.22,1.83280274202707
15.41,11.872668999129441
37.3,31.353916403424833
1.061,-0.0714102178075251
7.01,-0.1380014829484466
55.0,34.00415852595637
16.2,14.197849626584677
74.3,69.69119083750655
105.1,108.43755838245832
5.25,23.122926967570955
5.7,19.288288583268635
70.0,66.80372860321323
76.1,73.89940104554404
27.57,23.540266454165774
4.8,-1.3449200480457222
3.01,-6.443487455116035
10.6,18.592926081755753
45.0,53.49373557457477
72.7,55.836985378118015
9.35,36.33066264734187
95.9,67.10767893613388
30.9,24.315505992072513
116.0,93.5152566451853
18.3,34.23802434579076
2.8,9.594964210894371
6.7,23.1171727721063
5.4,13.843583973561515
17.98,21.44602083049874
12.4,29.306320102437674
91.7,55.009632754186946
1.05,21.16482696884973
4.51,7.445040806771335
85.6,68.02895476073618
0.4,-7.038303741695749
2.1,15.410048048568374
13.9,23.02048535719651
92.65,62.91094808407399
23.0,9.813038667446023
3.8,-8.371891477192555
7.42,-6.102324208778143
85.04,70.29995715694055
76.6,65.99321320875498
89.7,54.379339985957884
5.7,-0.8628909322263851
2.61,-2.6807593317983063
62.0,65.38818007052305
76.7,62.509336366481605
36.0,58.75715732327332
41.5,52.5849573253483
30.0,19.392108284263525
132.0,94.7716113919476
39.0,40.39868711315069
22.0,33.8112207706185
57.2,67.52748480679793
6.47,23.440474100944343
72.9,60.554153799355504
0.93,1.430989854994138
13.0,2.109775451540507
0.03,-4.749278384554557
4.12,5.459954839660348
92.01,63.34148875433762
49.0,80.38865771814686
15.0,26.583777493827306
5.5,21.040062409282868
50.0,73.90656012925476
11.0,14.117746877187447
3.28,5.884551076332357
65.0,73.2262134207256
83.0,60.25740912692701
1.1,9.741424061340417
39.0,42.388729872876816
90.0,77.51269047579689
4.5,6.1749139397572606
1.4,11.666624329657967
43.5,57.45074206223538
1.3,-3.585484975348095
86.4,48.363288434757564
7.2,5.938107081464775
4.5,4.069786461505384
4.7,18.59038700833493
35.0,32.18884191083771
38.8,57.514662237931525
1.92,-3.077874544183331
6.87,2.8175190818004126
41.5,70.79252841894588
3.91,4.329004261218767
55.0,74.32003588638281
17.6,13.379020867091427
87.0,72.98074509881013
4.81,8.967996556521719
82.0,67.35808138794992
35.0,77.11319562522763
30.0,35.831341646370916
73.8,64.23063796916222
16.3,37.0836980162088
0.73,14.310210453018541
12.5,-2.9463240800534365
84.1,55.49671897224211
94.0,61.76511531464864
1.71,1.270134777898889
15.92,27.712973313503944
37.8,19.180833788360395
33.5,28.676635914044507
82.0,58.990924903606626
6.5,12.301429470587447
9.8,3.648355756377743
81.8,60.93977761670296
12.3,67.9756077515251
8.76,22.83960201711593
78.0,70.33362680023686
7.7,8.530600458277789
28.4,18.576383645095163
99.7,93.80639184812334
13.7,25.762092875646317
5.37,-7.441398461197515
79.0,65.5364606787418
86.5,69.0725731650609
81.0,67.99579123543722
45.0,65.75686546369329
17.0,18.598140687819363
2.63,-15.622020309787722
28.0,17.998213369625212
4.0,26.985556219638816
1.9,2.159566160689174
3.64,21.71296851627836
6.54,8.374995738780278
13.0,38.75958746056121
28.0,62.677614198372034
10.0,33.60450427536672
92.0,65.05638547662247
5.6,6.49791448157195
81.0,66.71448143971645
68.0,59.38824283821315
14.5,-3.7533198447160956
6.7,13.561745000534614
16.0,24.357489416903203
16.2,25.02263381458623
5.0,81.0740754348022
0.21,19.399640273847883
3.2,12.407038980852892
0.25,10.566151797592557
2.76,0.5727381485616192
72.5,59.9675714674707
61.5,67.33295795459358
95.0,66.89815866746564
11.43,18.778128173417507
84.0,63.366620209568936
71.2,67.13609161935474
4.1,-3.4804425475285043
88.7,61.60880518119083
116.0,112.37672316843774
3.0,2.9210499809986423
6.8,4.83795955180733
5.47,13.469279321253975
2.5,4.868693288922486
77.75,66.39790735657688
56.0,51.85269072710142
34.2,19.854907655848894
22.2,31.308032162285862
14.1,19.261034719597525
5.1,19.235119859645177
33.0,75.20232532267204
42.0,49.983607311250154
45.0,71.78353985020443
5.03,17.339619160558126
25.0,46.51794492798171
47.0,65.80656812914268
87.5,65.0886901232435
0.87,19.912586524816163
6.4,7.819022400010862
80.3,78.2119875884248
1.38,-0.08264713586242323
108.0,92.43795104961958
88.67,70.29995715694055
102.98,70.20140492317975
19.1,7.943670243239726
13.65,8.654508955019562
109.3,77.1572888255993
2.6,11.704729097109173
21.1,31.595268501193214
0.92,20.65638401581617
21.0,-7.680927101928511
1.55,-4.774388767078577
90.0,66.73270524582063
18.1,29.492666294834876
0.064,2.830468742443898
3.3,-9.936339658290628
6.19,37.245838405006864
16.1,20.101924910481724
2.8,11.349808335873867
0.052,-1.8082384337781363
6.62,19.441854252404575
113.0,68.07473407256197
1.44,-3.279312063788538
30.0,27.780786128799573
26.0,25.550177961833615
6.7,14.148615990011667
38.0,15.903610373439172
15.4,13.8057368504114
1.043,-9.04679711021982
2.17,-7.344096346176336
15.23,4.71204738936429
14.3,6.349091949754708
12.7,-1.867194293220237
13.0,6.986770042420119
13.8,5.481013534549962
38.0,47.9348157846555
6.0,4.458243656915638
17.0,31.592283154635897
2.0,3.9510710974345926
20.0,53.14901323807277
40.0,25.490681900551817
5.6,0.8427468797911004
71.9,73.21778647622719
59.1,67.33295795459361
